year,avg_interest_rate
2012,0.25
2013,0.25
2014,0.25
2015,0.28125
2016,0.53125
2017,1.15625
2018,2.0
2019,2.21875
